City_ID,City,Country,Lat,Lng,Max Temp,Humidity,Cloudiness,Wind Speed,Current Description
0,Avarua,CK,-21.2078,-159.775,80.65,65,20,12.66,few clouds
1,Albany,US,42.6001,-73.9662,40.8,63,100,4.97,overcast clouds
2,Atar,MR,20.5169,-13.0499,82.2,22,99,3.8,overcast clouds
3,Saint-Philippe,RE,-21.3585,55.7679,74.75,78,34,10.29,scattered clouds
4,Aykhal,RU,66.0,111.5,-20.67,100,100,6.49,overcast clouds
5,Gornopravdinsk,RU,60.05,69.9,21.09,93,100,9.4,overcast clouds
6,Cabo San Lucas,MX,22.8909,-109.9124,74.52,75,1,5.01,clear sky
7,Kavieng,PG,-2.5744,150.7967,82.72,74,93,8.43,light rain
8,Yatou,CN,37.15,122.3833,55.92,73,99,15.28,overcast clouds
9,Katherine,AU,-14.4667,132.2667,95.32,38,75,6.91,broken clouds
10,Katobu,ID,-4.9408,122.5276,87.71,64,60,3.8,broken clouds
11,Mareeba,AU,-17.0,145.4333,89.44,42,0,8.52,clear sky
12,Busselton,AU,-33.65,115.3333,74.77,47,100,10.94,overcast clouds
13,Biltine,TD,14.5333,20.9167,72.91,23,0,16.06,clear sky
14,Nikolskoye,RU,59.7035,30.7861,35.49,91,95,5.55,overcast clouds
15,Kaitangata,NZ,-46.2817,169.8464,58.44,67,100,8.34,moderate rain
16,Ushuaia,AR,-54.8,-68.3,33.46,93,90,24.16,light snow
17,Castro,BR,-24.7911,-50.0119,54.3,98,26,7.54,scattered clouds
18,Auki,SB,-8.7676,160.7034,83.25,74,58,4.27,broken clouds
19,Naze,JP,28.3667,129.4833,72.52,75,94,13.89,overcast clouds
20,Qaanaaq,GL,77.484,-69.3632,-8.68,71,0,6.93,clear sky
21,Leningradskiy,RU,69.3833,178.4167,-12.69,88,5,3.2,clear sky
22,Saint-Joseph,RE,-21.3667,55.6167,73.76,70,18,5.91,few clouds
23,Ixtapa,MX,20.7,-105.2,78.03,78,1,2.3,clear sky
24,Salalah,OM,17.0151,54.0924,73.89,71,5,2.62,clear sky
25,Bluff,NZ,-46.6,168.3333,55.65,86,100,13.89,moderate rain
26,Ocosingo,MX,17.0667,-92.25,60.51,99,63,0.76,broken clouds
27,Fushe-Arrez,AL,42.0622,20.0167,42.67,81,0,4.94,clear sky
28,Dudinka,RU,69.4058,86.1778,-12.69,83,13,11.23,few clouds
29,Rawlins,US,41.7911,-107.2387,34.36,55,90,13.8,overcast clouds
30,Thompson,CA,55.7435,-97.8558,12.36,79,75,8.05,light snow
31,Coquimbo,CL,-29.9533,-71.3436,56.93,94,75,6.91,broken clouds
32,Jamestown,US,42.097,-79.2353,42.39,59,75,4.0,broken clouds
33,Yellowknife,CA,62.456,-114.3525,-2.7,88,20,5.75,few clouds
34,Eslov,SE,55.8393,13.3039,47.64,89,99,11.3,overcast clouds
35,Carnarvon,AU,-24.8667,113.6333,69.87,88,75,11.5,light rain
36,Lebu,CL,-37.6167,-73.65,52.75,92,11,16.69,few clouds
37,Tuktoyaktuk,CA,69.4541,-133.0374,1.08,93,100,1.86,overcast clouds
38,Vaini,TO,-21.2,-175.2,86.16,79,40,6.91,scattered clouds
39,Dikson,RU,73.5069,80.5464,-9.4,81,48,16.17,scattered clouds
40,San Patricio,US,28.017,-97.5169,74.01,85,0,8.5,clear sky
41,Northam,GB,51.0333,-4.2167,49.6,79,100,18.16,overcast clouds
42,Hithadhoo,MV,-0.6,73.0833,79.38,86,100,15.37,moderate rain
43,Tasiilaq,GL,65.6145,-37.6368,30.36,95,100,10.4,light snow
44,Kloulklubed,PW,7.0419,134.2556,82.9,74,97,13.85,overcast clouds
45,Alyangula,AU,-13.8483,136.4192,94.87,41,40,10.36,scattered clouds
46,Fairbanks,US,64.8378,-147.7164,-9.4,69,1,0.0,clear sky
47,Coihaique,CL,-45.5752,-72.0662,53.55,82,20,6.91,light rain
48,Ossora,RU,59.2353,163.0719,28.99,80,100,11.63,light snow
49,Victoria,HK,22.2855,114.1577,78.96,83,12,4.0,few clouds
50,Port Alfred,ZA,-33.5906,26.891,63.45,88,99,17.0,light rain
51,Ziniare,BF,12.5822,-1.2983,71.64,17,0,9.75,clear sky
52,Hilo,US,19.7297,-155.09,80.33,80,90,9.22,overcast clouds
53,Atuona,PF,-9.8,-139.0333,78.58,76,10,13.4,clear sky
54,Cherskiy,RU,68.75,161.3,-21.5,100,98,1.41,overcast clouds
55,Constantine,DZ,36.365,6.6147,49.41,87,75,3.44,broken clouds
56,Sorland,NO,67.667,12.6934,36.73,60,100,30.98,overcast clouds
57,Meulaboh,ID,4.1363,96.1285,75.49,94,100,5.66,overcast clouds
58,Cape Town,ZA,-33.9258,18.4232,64.11,67,0,2.3,clear sky
59,Bredasdorp,ZA,-34.5322,20.0403,62.28,80,100,14.5,overcast clouds
60,Maniitsoq,GL,65.4167,-52.9,32.97,83,100,30.4,light snow
61,Hami,CN,42.8,93.45,28.98,36,0,3.02,clear sky
62,Keetmanshoop,NA,-26.5833,18.1333,61.74,44,1,10.96,clear sky
63,Rikitea,PF,-23.1203,-134.9692,73.94,58,24,3.27,few clouds
64,Punta Arenas,CL,-53.15,-70.9167,41.11,60,40,24.16,scattered clouds
65,Saskylakh,RU,71.9167,114.0833,-14.12,97,99,4.25,overcast clouds
66,Seoul,KR,37.5683,126.9778,53.17,68,75,4.61,haze
67,Krasnoselkup,RU,65.7,82.4667,-1.14,93,100,20.67,overcast clouds
68,Bethel,US,41.3712,-73.414,44.96,73,1,0.0,clear sky
69,Guerrero Negro,MX,27.9769,-114.0611,62.83,84,100,10.74,overcast clouds
70,Mehamn,NO,71.0357,27.8492,27.68,66,100,22.68,light snow
71,Nanortalik,GL,60.1432,-45.2371,36.75,99,100,7.2,moderate rain
72,Lorengau,PG,-2.0226,147.2712,86.45,60,20,6.13,few clouds
73,Mar Del Plata,AR,-38.0023,-57.5575,74.08,63,0,3.0,clear sky
74,Linguere,SN,15.3953,-15.1193,81.34,22,6,11.16,clear sky
75,New Norfolk,AU,-42.7826,147.0587,70.66,40,36,1.99,scattered clouds
76,Grindavik,IS,63.8424,-22.4338,32.47,93,90,19.57,light snow
77,Tiksi,RU,71.6872,128.8694,-8.23,91,100,6.93,overcast clouds
78,Georgetown,MY,5.4112,100.3354,85.89,81,20,5.01,few clouds
79,Puerto Ayora,EC,-0.7393,-90.3518,69.1,82,66,8.48,broken clouds
80,Carutapera,BR,-1.195,-46.02,79.18,84,15,6.55,few clouds
81,Pangnirtung,CA,66.1451,-65.7125,6.75,93,92,2.98,overcast clouds
82,Cidreira,BR,-30.1811,-50.2056,64.71,76,0,16.24,clear sky
83,Aklavik,CA,68.2191,-135.0107,0.43,93,100,4.34,overcast clouds
84,Port Hawkesbury,CA,45.6169,-61.3485,38.79,72,90,5.01,overcast clouds
85,Kahului,US,20.8947,-156.47,85.26,72,40,6.91,scattered clouds
86,Kazachinskoye,RU,57.6953,93.2761,15.6,94,100,5.77,light snow
87,Yar-Sale,RU,66.8333,70.8333,8.87,94,100,16.4,light snow
88,Morros,BR,-9.4467,-46.3003,75.27,70,12,4.41,few clouds
89,Arraial Do Cabo,BR,-22.9661,-42.0278,70.63,72,93,12.48,overcast clouds
90,Minsk,BY,53.9,27.5667,37.15,91,100,11.25,overcast clouds
91,Provideniya,RU,64.3833,-173.3,5.34,74,0,8.79,clear sky
92,Mikkeli,FI,61.6886,27.2723,32.11,93,90,4.61,overcast clouds
93,Mapiripan,CO,2.8892,-72.1256,72.21,97,100,7.81,overcast clouds
94,Yining,CN,29.0361,114.5636,56.88,95,100,4.09,overcast clouds
95,Murgeni,RO,46.2044,28.0197,42.91,81,8,4.36,clear sky
96,Lazaro Cardenas,MX,17.9583,-102.2,77.14,78,2,2.86,clear sky
97,Khani,GE,41.9563,42.9566,36.97,97,99,2.28,overcast clouds
98,Chitipa,MW,-9.7024,33.2697,66.07,68,29,6.15,scattered clouds
99,Kupang,ID,-10.1667,123.5833,88.38,74,40,5.75,scattered clouds
100,Sikonge,TZ,-5.6333,32.7667,66.94,75,92,3.02,light rain
101,Kapaa,US,22.0752,-159.319,80.92,76,20,5.75,light rain
102,Kholmy,UA,51.871,32.6006,37.53,96,98,10.09,overcast clouds
103,Hobart,AU,-42.8794,147.3294,67.12,58,40,6.91,scattered clouds
104,Progreso,MX,21.2833,-89.6667,77.11,84,100,12.64,overcast clouds
105,Klyuchi,RU,52.2667,79.1667,16.32,73,100,15.01,overcast clouds
106,Xifeng,CN,42.7372,124.7222,32.36,75,100,3.24,light snow
107,Chuy,UY,-33.6971,-53.4616,61.14,81,0,4.27,clear sky
108,Kieta,PG,-6.2167,155.6333,84.04,69,30,3.94,light rain
109,Kenai,US,60.5544,-151.2583,17.15,81,1,9.22,clear sky
110,Anadyr,RU,64.75,177.4833,-14.3,76,0,11.18,clear sky
111,Sibu,MY,2.3,111.8167,86.31,79,20,3.0,few clouds
112,Nouadhibou,MR,20.931,-17.0347,71.58,78,100,10.36,overcast clouds
113,Mataura,NZ,-46.1927,168.8643,57.87,86,100,6.67,light rain
114,Lagoa,PT,39.05,-27.9833,64.17,77,100,30.36,overcast clouds
115,Mahebourg,MU,-20.4081,57.7,78.26,83,40,9.22,light rain
116,Umba,RU,66.6871,34.3429,27.9,84,100,13.87,overcast clouds
117,Port Elizabeth,ZA,-33.918,25.5701,65.1,77,90,14.97,overcast clouds
118,Sakaiminato,JP,35.55,133.2333,57.18,67,75,3.44,broken clouds
119,Barrow,US,71.2906,-156.7887,3.22,78,90,11.5,mist
120,Boende,CD,-0.2167,20.8667,69.24,99,100,0.09,light rain
121,Prince George,CA,53.9166,-122.753,35.26,81,40,12.66,scattered clouds
122,Vertou,FR,47.1687,-1.4693,42.49,93,90,4.61,overcast clouds
123,Maneadero,MX,31.7167,-116.5667,60.1,86,100,1.01,overcast clouds
124,Namibe,AO,-15.1961,12.1522,67.03,80,96,5.79,overcast clouds
125,Yerbogachen,RU,61.2767,108.0108,-0.62,89,100,2.55,overcast clouds
126,Castellammare Del Golfo,IT,38.0188,12.8858,57.94,83,0,2.42,clear sky
127,Pinhao,BR,-25.6956,-51.6597,56.98,97,9,3.96,clear sky
128,Codrington,AU,-38.2667,141.9667,60.51,60,26,13.62,scattered clouds
129,Geraldton,AU,-28.7667,114.6,74.12,68,90,18.41,overcast clouds
130,Broome,US,42.2506,-75.833,39.61,66,1,1.99,clear sky
131,Kavaratti,IN,10.5669,72.642,80.85,78,66,12.19,broken clouds
132,Upernavik,GL,72.7868,-56.1549,8.82,73,100,6.98,overcast clouds
133,Clyde River,CA,70.4692,-68.5914,5.23,92,89,9.22,light snow
134,Kulhudhuffushi,MV,6.6221,73.07,81.84,68,97,15.26,overcast clouds
135,Acara,BR,-1.9608,-48.1967,73.99,99,56,1.99,broken clouds
136,Torbay,CA,47.6666,-52.7314,36.75,87,75,14.97,light rain
137,Tucurui,BR,-3.7661,-49.6725,72.03,96,98,1.7,overcast clouds
138,Yulara,AU,-25.2406,130.9889,76.84,47,27,14.97,scattered clouds
139,Saint George,US,37.1041,-113.5841,59.59,35,1,4.0,clear sky
140,Iqaluit,CA,63.7506,-68.5145,10.13,78,90,5.99,overcast clouds
141,Kununurra,AU,-15.7667,128.7333,96.78,41,70,9.22,broken clouds
142,Ribeira Grande,PT,38.5167,-28.7,65.03,81,100,31.85,overcast clouds
143,Hastings,GB,50.8552,0.5729,49.91,83,100,14.27,overcast clouds
144,Soldotna,US,60.4878,-151.0583,17.08,82,1,4.61,clear sky
145,Vardo,NO,70.3705,31.1107,30.27,71,100,27.87,light snow
146,Chokurdakh,RU,70.6333,147.9167,-18.26,100,97,5.84,overcast clouds
147,Ancud,CL,-41.8697,-73.8203,54.43,95,98,5.77,overcast clouds
148,Abu Samrah,SY,35.3029,37.1841,53.85,87,98,8.5,overcast clouds
149,Lerwick,GB,60.1545,-1.1494,41.0,64,84,22.26,broken clouds
150,Egvekinot,RU,66.3167,-179.1667,-2.0,73,0,9.55,clear sky
151,Severo-Kurilsk,RU,50.6789,156.125,36.07,98,99,15.14,light rain
152,Tibacuy,CO,4.3511,-72.4564,73.83,93,100,12.35,overcast clouds
153,Vallenar,CL,-28.5708,-70.7581,66.83,50,0,1.39,clear sky
154,Eureka,US,40.8021,-124.1637,49.93,70,18,1.01,few clouds
155,Zimovniki,RU,47.1483,42.4633,41.97,73,46,18.16,scattered clouds
156,Touros,BR,-5.1989,-35.4608,77.9,72,95,13.22,overcast clouds
157,Parati,BR,-23.2178,-44.7131,67.12,97,100,0.43,overcast clouds
158,Maragogi,BR,-9.0122,-35.2225,78.12,78,48,10.67,scattered clouds
159,Coahuayana,MX,18.7333,-103.6833,74.07,70,6,4.29,clear sky
160,Mount Hagen,PG,-5.8581,144.2274,74.16,60,40,4.61,haze
161,Kruisfontein,ZA,-34.0033,24.7314,62.89,83,100,11.54,overcast clouds
162,Sisimiut,GL,66.9395,-53.6735,29.08,95,100,5.59,snow
163,Bilma,NE,18.6853,12.9164,73.96,25,2,6.13,clear sky
164,Dingle,PH,10.9995,122.6711,86.41,71,71,6.29,broken clouds
165,Ilulissat,GL,69.2167,-51.1,24.82,86,75,9.22,snow
166,Mayakonda,IN,14.2833,76.0833,71.76,88,100,2.55,overcast clouds
167,Laguna,US,38.421,-121.4238,59.13,78,1,3.44,clear sky
168,Bourail,NC,-21.5667,165.4833,80.29,62,91,13.85,overcast clouds
169,Hermanus,ZA,-34.4187,19.2345,63.9,80,96,18.23,overcast clouds
170,Puerto Narino,CO,-3.7703,-70.3831,73.35,97,99,2.59,overcast clouds
171,Rio Grande,BR,-32.035,-52.0986,65.16,77,0,13.58,light rain
172,Pangkalanbuun,ID,-2.6833,111.6167,91.78,54,100,0.58,overcast clouds
173,Tautira,PF,-17.7333,-149.15,86.02,67,14,11.9,few clouds
174,Mackenzie,CA,55.2999,-123.1698,19.62,93,90,5.75,light snow
175,College,US,64.8569,-147.8028,-0.74,74,1,0.0,clear sky
176,Prokhorovka,RU,51.0374,36.7325,33.37,89,58,14.05,broken clouds
177,Barra Da Estiva,BR,-13.6261,-41.3269,67.39,81,86,2.82,light rain
178,Darnah,LY,32.767,22.6367,63.57,72,100,20.83,overcast clouds
179,Fortuna,US,40.5982,-124.1573,49.66,66,1,0.0,clear sky
180,Itaqui,BR,-29.1253,-56.5531,67.32,50,0,9.24,clear sky
181,Bambous Virieux,MU,-20.3428,57.7575,78.22,83,40,9.22,light rain
182,Pevek,RU,69.7008,170.3133,-13.43,100,96,5.08,overcast clouds
183,Beringovskiy,RU,63.05,179.3167,-0.02,95,67,10.47,broken clouds
184,Longyearbyen,SJ,78.2186,15.6401,8.44,66,75,8.05,broken clouds
185,Velesin,CZ,48.8295,14.4625,40.64,87,95,4.38,overcast clouds
186,Mount Gambier,AU,-37.8333,140.7667,64.31,45,1,14.97,clear sky
187,Hervey Bay,AU,-25.2986,152.8535,81.03,66,99,12.28,overcast clouds
188,Yarmouth,US,41.7057,-70.2286,45.97,72,1,1.01,clear sky
189,Colomi,BO,-17.35,-65.8667,59.02,81,92,1.48,overcast clouds
190,Azanka,RU,58.0401,64.7893,21.52,94,100,10.4,light snow
191,Ahipara,NZ,-35.1667,173.1667,72.52,66,67,9.4,broken clouds
192,Butaritari,KI,3.0707,172.7902,81.7,70,100,12.35,overcast clouds
193,Sur,OM,22.5667,59.5289,74.82,56,0,10.69,clear sky
194,Arlit,NE,18.7369,7.3853,75.63,20,42,5.75,scattered clouds
195,Khor,RU,47.8861,134.9464,20.97,86,65,3.71,broken clouds
196,East London,ZA,-33.0153,27.9116,62.51,89,100,8.43,light rain
197,Balaipungut,ID,1.05,101.2833,86.41,85,100,1.72,overcast clouds
198,Itoman,JP,26.1247,127.6694,80.98,65,40,12.66,scattered clouds
199,Hamilton,US,39.1834,-84.5333,46.44,71,1,0.0,clear sky
200,Itarema,BR,-2.9248,-39.9167,81.28,73,49,16.33,scattered clouds
201,Roald,NO,62.5833,6.1333,40.33,81,75,11.5,broken clouds
202,Constitucion,CL,-35.3333,-72.4167,55.56,81,43,5.68,scattered clouds
203,Cayenne,GF,4.9333,-52.3333,82.09,85,20,0.0,few clouds
204,Klaksvik,FO,62.2266,-6.589,41.92,75,100,31.36,overcast clouds
205,Port Blair,IN,11.6667,92.75,83.89,75,16,12.66,few clouds
206,Lompoc,US,34.6391,-120.4579,64.81,85,1,6.91,clear sky
207,Qaqortoq,GL,60.7167,-46.0333,34.3,99,100,4.21,moderate rain
208,Teya,RU,60.3778,92.6267,2.71,95,100,3.74,light snow
209,Belmonte,BR,-15.8631,-38.8828,77.5,86,94,7.52,overcast clouds
210,Riviere-Au-Renard,CA,48.9957,-64.3971,28.4,77,18,5.61,few clouds
211,Esmeraldas,BR,-19.7625,-44.3139,70.11,95,100,3.27,overcast clouds
212,Winona,US,43.9666,-91.7668,36.95,86,1,0.0,clear sky
213,Airai,TL,-8.9266,125.4092,77.65,54,79,1.66,broken clouds
214,Isangel,VU,-19.55,169.2667,84.31,70,75,4.61,broken clouds
215,Danlugan,PH,7.8914,123.3728,85.14,68,34,2.93,scattered clouds
216,Hofn,IS,64.2539,-15.2082,34.36,51,100,4.52,overcast clouds
217,Pochutla,MX,15.7432,-96.4661,72.43,89,2,4.32,clear sky
218,Hambantota,LK,6.1241,81.1185,77.34,83,0,5.75,clear sky
219,Ponta Do Sol,PT,32.6667,-17.1,66.13,70,100,6.31,overcast clouds
220,Souillac,MU,-20.5167,57.5167,78.37,83,40,9.22,scattered clouds
221,Vangaindrano,MG,-23.35,47.6,74.08,86,37,5.61,scattered clouds
222,Malpe,IN,13.35,74.7167,78.1,86,55,8.7,broken clouds
223,Esperance,AU,-33.8667,121.9,76.84,41,0,12.75,clear sky
224,Stornoway,GB,58.2093,-6.3865,40.96,80,75,5.99,broken clouds
225,Tsabong,BW,-26.0217,22.401,71.49,54,15,21.77,few clouds
226,Swiecie,PL,53.4095,18.4474,48.79,81,100,15.26,overcast clouds
227,Sassandra,CI,4.95,-6.0833,78.69,88,34,6.6,scattered clouds
228,Olafsvik,IS,64.8945,-23.7142,37.36,98,100,22.48,light rain
229,Teguise,ES,29.0605,-13.564,59.22,77,0,8.05,clear sky
230,Huarmey,PE,-10.0681,-78.1522,64.89,87,83,8.14,broken clouds
231,Bilibino,RU,68.0546,166.4372,-14.66,81,31,3.8,scattered clouds
232,The Pas,CA,53.8251,-101.2541,17.62,73,90,23.02,light snow
233,Jiazi,CN,22.8779,116.067,75.02,69,64,9.35,broken clouds
234,Katsuura,JP,35.1333,140.3,59.18,72,100,7.0,overcast clouds
235,Kronach,DE,50.2396,11.3331,41.56,84,25,3.31,scattered clouds
236,Luderitz,NA,-26.6481,15.1594,56.77,91,1,11.14,clear sky
237,Iacu,BR,-12.7672,-40.2117,72.81,82,54,3.96,broken clouds
238,Sitka,US,57.0531,-135.33,42.69,70,90,28.77,light rain
239,Saldanha,ZA,-33.0117,17.9442,59.05,82,4,10.54,clear sky
240,Saint-Francois,FR,46.4154,3.9054,38.68,99,90,4.61,fog
241,Sao Joao Da Barra,BR,-21.6403,-41.0511,69.89,84,100,14.0,overcast clouds
242,Kodiak,US,57.79,-152.4072,33.31,75,90,12.66,light snow
243,Tura,IN,25.5198,90.2201,71.74,60,71,1.54,broken clouds
244,Baykit,RU,61.67,96.37,-12.15,99,100,2.51,overcast clouds
245,Cap Malheureux,MU,-19.9842,57.6142,78.48,68,0,5.99,light rain
246,Hammerfest,NO,70.6634,23.6821,28.85,54,40,13.8,snow
247,Voyvozh,RU,62.892,54.9635,20.88,94,99,7.54,overcast clouds
248,Maningrida,AU,-12.0667,134.2667,91.17,48,100,11.07,overcast clouds
249,Korla,CN,41.7597,86.1469,28.72,58,0,3.89,clear sky
250,Sandwick,GB,60.0,-1.25,40.82,65,40,18.41,scattered clouds
251,Sobolevo,RU,54.4299,31.8996,37.08,88,100,12.15,overcast clouds
252,Pringsewu,ID,-5.3582,104.9744,85.1,62,100,2.35,overcast clouds
253,Teahupoo,PF,-17.8333,-149.2667,80.56,67,14,12.17,few clouds
254,Richards Bay,ZA,-28.783,32.0377,64.04,85,100,4.7,light rain
255,Olinda,BR,-8.0089,-34.8553,82.13,69,40,8.05,scattered clouds
256,South Lake Tahoe,US,38.9332,-119.9844,39.85,62,1,8.05,clear sky
257,Guasdualito,VE,7.2424,-70.7324,78.66,72,73,1.43,light rain
258,Carandai,BR,-20.9536,-43.8064,59.34,97,100,7.47,overcast clouds
259,Faanui,PF,-16.4833,-151.75,80.15,74,10,15.86,clear sky
260,Vrangel,RU,42.7297,133.0839,41.81,63,100,13.09,overcast clouds
261,Tocopilla,CL,-22.092,-70.1979,65.79,61,10,3.11,clear sky
262,Aleksandrov Gay,RU,50.147,48.5704,36.18,90,100,21.23,overcast clouds
263,Christchurch,NZ,-43.5333,172.6333,66.4,60,75,4.0,light rain
264,Leshukonskoye,RU,64.8989,45.7622,22.46,97,99,4.68,overcast clouds
265,Sola,VU,-13.8833,167.55,80.51,74,100,10.07,overcast clouds
266,Khatanga,RU,71.9667,102.5,-20.09,99,100,5.06,overcast clouds
267,Visnes,NO,59.3556,5.2242,42.85,81,20,24.16,few clouds
268,Jamame,SO,0.0722,42.7506,77.09,86,26,6.53,scattered clouds
269,Arcos De La Frontera,ES,36.7508,-5.8106,56.32,86,79,5.99,broken clouds
270,Kapit,MY,2.0167,112.9333,84.7,67,96,1.16,overcast clouds
271,Khasan,RU,42.4308,130.6434,38.7,53,100,8.08,overcast clouds
272,Zhezkazgan,KZ,47.8043,67.7144,16.93,86,100,7.34,overcast clouds
273,Mirnyy,RU,62.5353,113.9611,-6.5,94,100,0.98,overcast clouds
274,Karimpur,IN,23.9667,88.6167,75.76,51,51,2.93,broken clouds
275,La Ronge,CA,55.1001,-105.2842,10.65,67,90,17.27,light shower snow
276,Portland,US,45.5234,-122.6762,45.25,87,20,1.01,few clouds
277,Kalabo,ZM,-14.97,22.6814,68.74,85,100,2.48,overcast clouds
278,Okhotsk,RU,59.3833,143.3,9.45,78,99,17.9,overcast clouds
279,Galle,LK,6.0367,80.217,81.68,70,78,12.19,broken clouds
280,Rocha,UY,-34.4833,-54.3333,57.31,70,0,6.06,clear sky
281,Bud,US,39.447,-86.1758,42.64,82,94,5.21,overcast clouds
282,Serebriya,UA,48.4559,27.7192,45.99,82,75,8.79,broken clouds
283,Kardla,EE,58.9978,22.7492,37.06,71,53,12.68,broken clouds
284,Rajapolah,ID,-7.221,108.1896,84.58,66,47,2.51,scattered clouds
285,Lata,PT,40.1629,-8.3327,56.8,81,97,3.69,overcast clouds
286,Ambajogai,IN,18.7333,76.3833,73.2,87,88,11.34,overcast clouds
287,Hare Bay,CA,48.8499,-54.0148,31.35,77,42,9.53,scattered clouds
288,Chicama,PE,-7.8447,-79.1469,64.83,84,86,5.37,overcast clouds
289,Ostrovnoy,RU,68.0531,39.5131,28.13,88,100,2.04,overcast clouds
290,Bolobo,CD,-2.1667,16.2333,69.6,96,100,1.77,light rain
291,Monster,NL,52.0258,4.175,51.98,83,75,7.0,broken clouds
292,Stephenville,US,32.2207,-98.2023,66.2,75,1,6.91,clear sky
293,Albion,US,42.2431,-84.753,40.57,77,90,0.0,overcast clouds
294,Bentiu,SS,9.2333,29.8333,72.19,26,26,5.61,scattered clouds
295,Kysyl-Syr,RU,63.8986,122.7617,-16.49,97,46,1.05,scattered clouds
296,Vanimo,PG,-2.6741,141.3028,82.18,82,52,3.4,heavy intensity rain
297,Henties Bay,NA,-22.116,14.2845,58.86,86,88,6.89,overcast clouds
298,Taoudenni,ML,22.6783,-3.9836,75.16,30,94,9.24,overcast clouds
299,Olyka,UA,50.7186,25.8125,48.92,76,100,17.56,overcast clouds
300,Rosignol,GY,6.2833,-57.5333,74.64,95,95,3.98,overcast clouds
301,Gujan-Mestras,FR,44.6333,-1.0667,43.48,100,0,2.3,clear sky
302,Khilok,RU,51.3674,110.4676,13.08,76,100,9.84,overcast clouds
303,Lewistown,US,40.5992,-77.5714,41.18,74,1,0.0,clear sky
304,Kismayo,SO,-0.3582,42.5454,79.7,81,40,9.95,scattered clouds
305,Husavik,IS,66.0449,-17.3389,21.11,79,100,12.17,overcast clouds
306,Cockburn Town,TC,21.4612,-71.1419,81.05,76,100,17.63,overcast clouds
307,Florianopolis,BR,-27.6146,-48.5012,63.63,76,75,1.14,broken clouds
308,Castro Marim,PT,37.2207,-7.4435,55.38,93,61,4.43,broken clouds
309,Jatai,BR,-17.8814,-51.7144,69.46,90,99,0.43,overcast clouds
310,Solano,US,38.2333,-121.9511,59.95,63,1,3.44,clear sky
311,Faya,SA,18.3851,42.4509,50.11,56,0,3.62,clear sky
312,Igrim,RU,63.1906,64.4162,17.87,98,96,3.53,overcast clouds
313,Diego De Almagro,CL,-26.3667,-70.05,64.18,26,97,1.1,overcast clouds
314,Bumba,CD,2.1833,22.4667,71.55,96,88,1.72,overcast clouds
315,Vagur,FO,61.4732,-6.8119,43.03,69,24,28.57,few clouds
316,Waipawa,NZ,-41.4122,175.5153,61.43,63,100,9.95,light rain
317,Prado,BR,-17.3411,-39.2208,74.39,95,100,3.27,overcast clouds
318,Huai Thalaeng,TH,14.997,102.6475,89.87,62,49,2.64,scattered clouds
319,Bubaque,GW,11.2833,-15.8333,83.05,66,2,7.72,clear sky
320,Jacksonville,US,30.3322,-81.6556,66.18,87,90,5.01,overcast clouds
321,Lincoln,US,40.8,-96.667,51.24,58,75,1.01,broken clouds
322,Necochea,AR,-38.5473,-58.7368,62.04,71,98,6.44,overcast clouds
323,Caninde De Sao Francisco,BR,-9.66,-37.7894,76.26,76,2,8.7,clear sky
324,Berlevag,NO,70.8578,29.0864,28.26,74,100,27.04,light snow
325,Oxilithos,GR,38.5833,24.1167,55.76,78,0,11.9,clear sky
326,Sorong,ID,-0.8833,131.25,84.76,68,43,5.21,moderate rain
327,Sayansk,RU,54.1088,102.1648,2.66,76,100,6.22,overcast clouds
328,Liverpool,GB,53.4106,-2.9779,48.61,79,40,5.01,scattered clouds
329,Narsaq,GL,60.9167,-46.05,34.02,99,100,3.83,moderate rain
330,Sabanalarga,CO,10.6296,-74.9206,81.48,90,25,3.38,scattered clouds
331,Seguela,CI,7.9611,-6.6731,73.22,64,58,2.3,broken clouds
332,Gnjilane,XK,42.4604,21.4699,38.59,91,0,1.97,clear sky
333,San Joaquin,US,37.9333,-121.3011,57.78,71,1,0.0,clear sky
334,Mzimba,MW,-11.9,33.6,67.91,58,7,9.44,clear sky
335,Prince Rupert,CA,54.3161,-130.3201,46.09,87,90,20.71,moderate rain
336,Honningsvag,NO,70.9821,25.9704,31.17,56,100,25.79,light snow
337,Paamiut,GL,61.994,-49.6678,27.82,89,72,7.92,light snow
338,Sakakah,SA,29.9697,40.2064,58.57,42,100,5.57,overcast clouds
339,Dhidhdhoo,MV,6.8833,73.1,81.82,69,99,14.16,overcast clouds
340,Nedjo,ET,9.5046,35.5019,55.98,61,54,3.58,broken clouds
341,Haines Junction,CA,60.7522,-137.5108,-13.05,77,100,0.0,overcast clouds
342,Pisco,PE,-13.7,-76.2167,64.45,82,0,6.91,clear sky
343,Mattru,SL,7.6244,-11.8332,75.09,93,5,2.21,clear sky
344,Noumea,NC,-22.2763,166.4572,80.58,81,80,12.37,broken clouds
345,Presidente Epitacio,BR,-21.7633,-52.1156,73.04,67,8,7.2,clear sky
346,Mangalia,RO,43.8,28.5833,44.1,81,8,1.92,clear sky
347,Ilo,PE,-17.6394,-71.3375,65.75,82,100,7.96,overcast clouds
348,Coos Bay,US,43.3665,-124.2179,46.92,90,1,4.61,clear sky
349,Kandrian,PG,-6.2167,149.55,82.81,79,66,3.11,moderate rain
350,Los Llanos De Aridane,ES,28.6585,-17.9182,64.15,77,0,3.0,clear sky
351,Vila Velha,BR,-20.3297,-40.2925,71.55,95,90,8.99,overcast clouds
352,Poitiers,FR,46.5833,0.3333,38.25,99,90,3.44,fog
353,Aleysk,RU,52.4926,82.7822,6.04,92,99,2.55,overcast clouds
354,Raga,SS,8.4596,25.678,71.71,25,12,4.47,few clouds
355,Dickinson,US,29.4608,-95.0513,70.02,90,40,4.0,scattered clouds
356,Margate,GB,51.3813,1.3862,49.03,88,100,4.0,overcast clouds
357,Deputatskiy,RU,69.3,139.9,-7.98,98,99,2.73,overcast clouds
358,Aksarka,RU,66.5606,67.7975,13.37,95,100,8.9,overcast clouds
359,Catemaco,MX,18.4167,-95.1167,70.02,92,95,4.59,overcast clouds
360,Puerto Carreno,CO,6.189,-67.4859,74.01,93,100,11.9,overcast clouds
361,Plettenberg Bay,ZA,-34.0527,23.3716,59.22,81,79,6.69,broken clouds
362,Gusinoye Ozero,RU,51.1144,106.2614,11.48,65,83,5.68,broken clouds
363,Karasjok,NO,69.4719,25.5112,24.91,94,69,10.33,light snow
364,Gazipur,BD,23.9981,90.423,75.16,78,40,0.0,mist
365,Ambanja,MG,-13.6833,48.45,73.92,87,21,2.66,few clouds
366,Tuatapere,NZ,-46.1333,167.6833,55.08,97,100,3.76,light rain
367,Inirida,CO,3.8653,-67.9239,72.79,99,100,3.2,overcast clouds
368,Skibbereen,IE,51.55,-9.2667,42.6,78,2,8.68,clear sky
369,Namatanai,PG,-3.6667,152.4333,79.38,73,84,7.47,light rain
370,Methoni,GR,36.8197,21.7049,56.21,65,0,0.81,clear sky
371,Zhigansk,RU,66.7697,123.3711,-25.74,99,87,3.78,overcast clouds
372,Bria,CF,6.5423,21.9863,66.83,51,74,2.64,broken clouds
373,Taltal,CL,-25.4,-70.4833,62.44,75,61,2.06,broken clouds
374,Port Lincoln,AU,-34.7333,135.8667,61.23,57,4,12.62,clear sky
375,Terme,TR,41.2092,36.9739,51.96,72,55,4.0,broken clouds
376,Xining,CN,36.6167,101.7667,24.21,52,5,1.03,clear sky
377,Ardakan,IR,32.31,54.0175,48.58,46,10,2.04,clear sky
378,Sangar,RU,63.9242,127.4739,-18.96,97,91,1.14,overcast clouds
379,Krasnik,PL,50.9236,22.2271,48.07,84,71,13.69,broken clouds
380,Garmsar,IR,35.2182,52.3409,47.61,54,91,0.4,overcast clouds
381,Gazanjyk,TM,39.2446,55.5154,46.08,41,11,1.88,few clouds
382,Naranjal,EC,-2.6667,-79.6167,73.2,88,99,3.42,overcast clouds
383,Moose Factory,CA,51.2585,-80.6094,33.8,86,75,16.11,broken clouds
384,Barmer,IN,25.75,71.3833,72.59,65,0,10.56,clear sky
385,Elko,US,41.0002,-115.5012,37.63,61,0,8.99,clear sky
386,Kutum,SD,14.2,24.6667,59.22,35,0,6.62,clear sky
387,Dois Vizinhos,BR,-25.7336,-53.0572,62.42,83,21,2.8,light rain
388,Hazorasp,UZ,41.3194,61.0742,28.24,51,12,6.91,few clouds
389,Camacha,PT,33.0833,-16.3333,63.82,68,20,8.05,few clouds
390,Uyskoye,RU,54.3775,60.0047,24.44,89,100,17.9,overcast clouds
391,Adrar,MR,20.5022,-10.0711,77.92,27,100,6.38,overcast clouds
392,Magadan,RU,59.5667,150.8,22.48,68,100,13.11,overcast clouds
393,Ghugus,IN,19.9333,79.1333,77.7,85,85,3.22,overcast clouds
394,Kalispell,US,48.1958,-114.3129,35.78,84,90,4.0,overcast clouds
395,Sal Rei,CV,16.1833,-22.9167,77.56,79,100,13.02,overcast clouds
396,Evensk,RU,61.95,159.2333,12.15,78,13,14.47,few clouds
397,Bengkulu,ID,-3.8004,102.2655,83.53,68,97,4.76,overcast clouds
398,Bam,IR,29.106,58.357,53.46,30,0,2.82,clear sky
399,Manggar,ID,-2.8833,108.2667,85.8,66,47,3.69,scattered clouds
400,Makakilo City,US,21.3469,-158.0858,82.72,62,75,5.75,broken clouds
401,Soto La Marina,MX,23.7667,-98.2167,68.77,95,0,5.44,clear sky
402,Usinsk,RU,65.9939,57.5281,16.88,96,100,9.35,overcast clouds
403,Kyaikto,MM,17.3,97.0167,82.13,63,8,2.73,clear sky
404,Malindi,KE,-3.2175,40.1191,78.44,82,58,8.57,broken clouds
405,Qui Nhon,VN,13.7667,109.2333,80.42,78,97,6.08,heavy intensity rain
406,Tuni,IN,17.35,82.55,79.99,83,24,7.58,few clouds
407,Gwadar,PK,25.1216,62.3254,72.09,28,2,11.97,clear sky
408,Komsomolskiy,UZ,40.4272,71.7189,29.12,59,0,6.91,clear sky
409,Simbahan,PH,6.3032,120.5836,83.73,74,78,7.29,broken clouds
410,Esfarayen,IR,37.0765,57.5101,29.86,42,11,3.6,few clouds
411,Bardiyah,LY,31.7561,25.0865,62.82,66,39,13.15,scattered clouds
412,Acajutla,SV,13.5928,-89.8275,80.08,69,77,4.83,broken clouds
413,Fuling,CN,29.7022,107.3919,54.37,95,100,3.04,overcast clouds
414,Padang,ID,-0.9492,100.3543,75.25,73,82,3.4,broken clouds
415,Jalu,LY,29.0331,21.5482,58.98,67,0,8.21,clear sky
416,Storsteinnes,NO,69.2408,19.2344,28.4,97,100,5.82,overcast clouds
417,Shangrao,CN,28.4532,117.9686,63.81,85,100,3.62,overcast clouds
418,Whitehaven,GB,54.549,-3.5841,40.66,91,8,3.0,clear sky
419,Tripoli,LY,32.8752,13.1875,63.7,69,54,5.99,broken clouds
420,Bafq,IR,31.6128,55.4107,53.94,44,0,5.32,clear sky
421,Verkhoyansk,RU,67.5447,133.385,-19.71,97,97,2.28,overcast clouds
422,Bahia Honda,CU,22.9036,-83.1592,75.92,87,100,8.05,overcast clouds
423,Norman Wells,CA,65.282,-126.8329,-2.16,78,75,3.44,broken clouds
424,Tilichiki,RU,60.4667,166.1,5.34,95,96,10.02,overcast clouds
425,Impfondo,CG,1.6381,18.0667,69.85,98,76,2.15,light rain
426,Terrasini,IT,38.146,13.0844,58.21,89,40,2.3,scattered clouds
427,Upata,VE,8.0086,-62.3989,73.18,97,80,2.46,broken clouds
428,Taksimo,RU,56.3444,114.8794,8.15,87,100,2.06,overcast clouds
429,Nome,US,64.5011,-165.4064,5.07,62,1,4.61,clear sky
430,Sturgeon Falls,CA,46.3646,-79.9326,40.08,98,100,7.23,overcast clouds
431,Praia Da Vitoria,PT,38.7333,-27.0667,66.76,82,40,27.69,scattered clouds
432,Camapua,BR,-19.5314,-54.0439,71.53,92,100,5.03,overcast clouds
433,Rio Gallegos,AR,-51.6226,-69.2181,42.85,42,20,19.57,few clouds
434,Porto Walter,BR,-8.2686,-72.7439,72.43,90,78,0.54,broken clouds
435,Zyryanka,RU,65.75,150.85,-15.74,100,95,0.98,overcast clouds
436,Sambava,MG,-14.2667,50.1667,74.75,77,42,6.06,scattered clouds
437,Nshamba,TZ,-1.7983,31.5511,60.6,82,77,2.53,broken clouds
438,Zheleznodorozhnyy,RU,55.7503,38.0042,36.21,93,97,11.83,light rain
439,Pindobacu,BR,-10.7417,-40.3608,71.87,78,34,5.23,scattered clouds
440,Svitavy,CZ,49.7559,16.4683,43.61,91,72,3.85,broken clouds
441,Sioux Lookout,CA,50.1001,-91.917,28.47,86,75,9.22,broken clouds
442,Santa Maria,BR,-29.6842,-53.8069,63.7,59,0,1.14,clear sky
443,Ashqelon,IL,31.6693,34.5715,61.41,75,93,10.33,overcast clouds
444,Hasaki,JP,35.7333,140.8333,61.29,57,97,4.9,overcast clouds
445,Clinton,US,42.587,-82.9199,41.94,82,90,0.0,overcast clouds
446,Nishihara,JP,26.1842,127.7558,80.26,67,40,10.36,scattered clouds
447,Superior,US,46.7208,-92.1041,32.7,76,1,4.61,clear sky
448,Zeya,RU,53.75,127.2667,14.13,46,100,3.24,overcast clouds
449,Koforidua,GH,6.0941,-0.2591,73.8,98,20,2.71,few clouds
450,Siilinjarvi,FI,63.0833,27.6667,30.22,86,75,10.36,broken clouds
451,Revda,RU,56.801,59.9303,22.01,89,100,8.03,overcast clouds
452,San Cristobal,VE,7.7669,-72.225,73.58,88,91,1.61,overcast clouds
453,Hafizabad,PK,32.0679,73.6854,62.67,27,0,2.39,clear sky
454,Zlitan,LY,32.4674,14.5687,63.09,67,4,2.53,clear sky
455,Sidi Ali,DZ,36.0998,0.4206,56.03,81,17,8.57,few clouds
456,Inta,RU,66.0317,60.1659,7.39,89,93,4.85,overcast clouds
457,Walvis Bay,NA,-22.9575,14.5053,59.09,82,51,4.61,broken clouds
458,Kiunga,PG,-6.1219,141.2906,86.88,64,100,1.66,overcast clouds
459,La Macarena,CO,2.1837,-73.7849,73.56,85,100,3.06,overcast clouds
460,Baturaja,ID,-4.1333,104.1667,86.59,64,100,0.45,overcast clouds
461,Umm Kaddadah,SD,13.6017,26.6876,64.76,30,0,12.95,clear sky
462,Udachnyy,RU,66.4167,112.4,-25.53,99,61,4.99,broken clouds
463,Lashio,MM,22.9333,97.75,70.72,70,9,1.07,clear sky
464,Biella,IT,45.5871,8.0859,44.89,62,0,3.58,clear sky
465,Araouane,ML,18.9048,-3.5265,74.21,29,77,10.54,broken clouds
466,Rognan,NO,67.0953,15.3878,33.94,96,83,4.79,broken clouds
467,Sedam,IN,17.1773,77.2824,75.47,85,71,13.8,broken clouds
468,Madisonville,US,37.3281,-87.4989,51.62,63,99,7.14,overcast clouds
469,Yinchuan,CN,38.4681,106.2731,27.72,14,0,8.84,clear sky
470,Kamyshlov,RU,56.8428,62.7111,24.21,86,100,17.34,overcast clouds
471,Seydi,TM,39.4816,62.9137,40.86,53,0,8.43,clear sky
472,Ormara,PK,25.2088,64.6357,74.61,29,0,9.73,clear sky
473,Daru,PG,-9.0763,143.2092,82.94,83,70,14.23,broken clouds
474,Palmer,US,42.1584,-72.3287,38.39,71,90,8.05,overcast clouds
475,Lundazi,ZM,-12.2929,33.1782,69.6,53,14,6.85,few clouds
476,Petropavlovsk-Kamchatskiy,RU,53.0452,158.6483,34.39,93,75,8.95,light intensity shower rain
477,Yertsevo,RU,60.7966,40.086,27.14,92,100,8.46,light snow
478,Beloha,MG,-25.1667,45.05,71.82,83,81,10.09,broken clouds
479,Bandarbeyla,SO,9.4942,50.8122,75.29,76,42,4.61,scattered clouds
480,Mwanza,TZ,-2.5167,32.9,69.85,88,20,6.91,few clouds
481,Saint Stephen,GB,50.3333,-4.9,48.47,93,90,10.36,overcast clouds
482,Bosaso,SO,11.2842,49.1816,74.32,66,31,7.11,scattered clouds
483,Opoczno,PL,51.3757,20.2783,48.96,75,88,14.58,overcast clouds
484,Sagua La Grande,CU,22.8067,-80.0756,74.39,89,59,6.17,broken clouds
485,Marrakesh,MA,31.6315,-8.0083,53.67,87,40,1.14,scattered clouds
486,Cairns,AU,-16.9167,145.7667,94.06,57,40,10.36,scattered clouds
487,Nemuro,JP,43.3236,145.575,39.63,60,8,8.05,clear sky
488,Lodja,CD,-3.4833,23.4333,66.79,99,63,1.52,light rain
489,Rawson,AR,-43.3002,-65.1023,69.57,40,98,29.95,overcast clouds
490,Villa Del Rosario,CO,7.8339,-72.4742,79.18,69,40,4.61,scattered clouds
491,Krasnaya Gora,RU,52.9995,31.6023,37.31,97,100,8.81,light rain
492,Awbari,LY,26.5921,12.7805,59.16,66,68,8.77,broken clouds
493,Camocim,BR,-2.9022,-40.8411,80.73,79,72,14.63,broken clouds
494,Banjar,ID,-8.19,114.9675,82.26,73,100,6.35,overcast clouds
495,Miami,US,25.7743,-80.1937,77.04,93,90,4.0,mist
496,Pahrump,US,36.2083,-115.9839,63.25,28,100,4.92,overcast clouds
497,Vrises,GR,35.492,23.8899,57.96,78,83,8.34,broken clouds
498,Pacific Grove,US,36.6177,-121.9166,61.79,81,1,4.0,clear sky
499,Manacapuru,BR,-3.2997,-60.6206,79.38,92,100,1.07,overcast clouds
500,Lewisporte,CA,49.2499,-55.0482,32.38,75,46,8.34,scattered clouds
501,Vestmannaeyjar,IS,63.4427,-20.2734,34.14,64,100,2.66,light snow
502,Tulln,AT,48.3283,16.0586,44.22,84,23,1.83,few clouds
503,San Vicente,AR,-26.6167,-54.1333,62.87,77,49,3.02,scattered clouds
504,Maceio,BR,-9.6658,-35.7353,76.44,88,40,8.05,scattered clouds
505,Talnakh,RU,69.4865,88.3972,-20.81,91,19,9.24,few clouds
506,Oistins,BB,13.0667,-59.5333,78.89,73,20,13.8,few clouds
507,Skjervoy,NO,70.0311,20.9714,34.2,53,100,24.96,light snow
508,Matara,LK,5.9485,80.5353,81.07,71,75,10.31,broken clouds
509,Shahr-E Kord,IR,32.3256,50.8644,42.57,81,75,6.91,broken clouds
510,Timiryazevskiy,RU,56.49,84.8769,19.17,80,100,11.3,overcast clouds
511,Bukama,CD,-9.2,25.85,67.95,97,100,2.01,overcast clouds
512,Cacule,BR,-14.5033,-42.2222,71.28,85,100,3.06,overcast clouds
513,Saint-Augustin,CA,51.226,-58.6502,27.82,56,0,13.22,clear sky
514,Vao,NC,-22.6667,167.4833,73.35,77,34,11.18,scattered clouds
515,Tambacounda,SN,13.7539,-13.7586,71.65,73,0,2.3,clear sky
516,Ambon,ID,-3.6954,128.1814,89.74,66,40,6.91,scattered clouds
517,Sao Jose Da Coroa Grande,BR,-8.8978,-35.1478,78.17,78,53,10.63,broken clouds
518,Port Hedland,AU,-20.3167,118.5667,96.85,32,98,8.05,overcast clouds
519,Cortez,US,37.3489,-108.5859,41.7,69,20,0.0,few clouds
520,Amahai,ID,-3.3333,128.9167,87.19,64,70,4.92,broken clouds
521,Hauterive,FR,46.0901,3.4459,39.02,89,70,2.66,broken clouds
522,Mandalgovi,MN,45.7625,106.2708,6.62,47,10,26.24,clear sky
523,Tamandare,BR,-8.7597,-35.1047,77.92,79,58,9.6,broken clouds
524,Chara,RU,56.9064,118.2631,2.28,93,100,0.98,overcast clouds
525,Pacifica,US,37.6138,-122.4869,60.53,81,1,1.99,clear sky
526,Severodvinsk,RU,64.5635,39.8302,28.51,95,99,4.94,light snow
527,Bathsheba,BB,13.2167,-59.5167,79.41,73,20,13.8,few clouds
528,Floridia,IT,37.0869,15.1519,56.43,72,0,3.56,clear sky
529,Lavrentiya,RU,65.5833,-171.0,2.46,89,35,9.37,scattered clouds
530,Warrington,GB,53.3925,-2.5802,47.98,82,40,1.99,scattered clouds
531,Moindou,NC,-21.6924,165.677,80.55,66,74,13.4,light rain
532,Bonavista,CA,48.6499,-53.1147,36.12,68,97,20.29,overcast clouds
533,Malanje,AO,-9.5402,16.341,63.23,99,100,2.86,overcast clouds
534,Gunjur,GM,13.2019,-16.7339,79.18,77,75,12.28,broken clouds
535,Kautokeino,NO,69.0125,23.0412,21.83,95,100,9.84,snow
536,Antigonish,CA,45.6169,-61.9986,38.55,76,10,5.77,clear sky
537,Kalaleh,IR,37.3807,55.4916,46.0,53,0,0.0,clear sky
538,Doba,TD,8.65,16.85,73.36,34,17,2.08,few clouds
539,Nizhniy Kuranakh,RU,58.8353,125.4869,-6.79,93,77,1.74,broken clouds
540,Shenjiamen,CN,29.9576,122.298,63.82,83,82,6.51,broken clouds
541,Narasannapeta,IN,18.4167,84.05,80.49,79,21,5.79,few clouds
542,Plainview,US,40.7765,-73.4673,48.45,67,20,6.91,few clouds
543,Pontianak,ID,-0.0333,109.3333,85.98,74,40,4.61,scattered clouds
544,Mutis,CO,6.2262,-77.4044,76.21,90,98,5.28,light rain
545,Nong Bua,TH,15.8646,100.5858,85.06,71,41,2.82,scattered clouds
546,Digha,IN,21.6833,87.55,79.14,65,7,4.85,clear sky
547,Mujiayingzi,CN,42.1167,118.7833,30.07,40,100,18.5,overcast clouds
548,Chumikan,RU,54.7183,135.315,9.55,71,0,12.53,clear sky
549,Bulgan,MN,48.8125,103.5347,6.75,34,17,3.74,few clouds
550,Asau,RO,46.4333,26.4,41.95,67,46,6.04,scattered clouds
551,Cochabamba,BO,-17.3895,-66.1568,67.75,45,75,9.22,broken clouds
552,Luanda,AO,-8.8368,13.2343,78.71,76,100,4.47,overcast clouds
553,Dong Xoai,VN,11.5333,106.9167,85.23,69,66,2.17,broken clouds
554,Okha,RU,53.5739,142.9478,30.47,69,99,17.38,overcast clouds
555,Effingham,US,32.3669,-81.3332,56.84,92,40,5.44,scattered clouds
556,Te Anau,NZ,-45.4167,167.7167,53.51,95,100,3.29,moderate rain
557,Xique-Xique,BR,-10.8218,-42.7263,81.41,56,20,13.94,few clouds
558,Barcelos,PT,41.5388,-8.6151,58.91,66,100,2.95,overcast clouds
559,Wanaka,NZ,-44.7,169.15,53.04,92,100,2.75,overcast clouds
560,Makokou,GA,0.5738,12.8642,69.3,99,100,2.04,light rain
561,Black River,JM,18.0264,-77.8487,80.6,82,76,3.74,broken clouds
